"Epic","Feature","Story","FAILED","BROKEN","PASSED","SKIPPED","UNKNOWN"
"","Simple Book feature","User able to retrieve Books using Valid Limit","0","0","1","0","0"
"","Simple Book feature","User able to retrieve Single Books using Valid Book Id","0","0","1","0","0"
"","Simple Book feature","User able to Submit a book order","0","0","1","0","0"
"","Simple Book feature","User able to retrieve all Books with valid Simple Book API","0","0","1","0","0"
"","Simple Book feature","User able to retrieve Books using InValid Limit","0","0","1","0","0"
"","Simple Book feature","User able to retrieve Books with valid Book type","0","0","1","0","0"
"","Simple Book feature","User able to Delete an book order","0","0","1","0","0"
"","Simple Book feature","User able to retrieve Single Books using InValid Book Id","0","0","1","0","0"
"","Simple Book feature","User able to Get a book order","0","0","1","0","0"
"","Simple Book feature","User creates request to get Status","0","0","1","0","0"
"","Simple Book feature","User able to retrieve Books with Invalid Book type","0","0","1","0","0"
"","Simple Book feature","User able to Get all book orders","0","0","1","0","0"
"","Simple Book feature","User able to Update an book order","0","0","1","0","0"
"","Simple Book feature","Register the API Client for Authentication","0","0","1","0","0"
