"Status","Start Time","Stop Time","Duration in ms","Parent Suite","Suite","Sub Suite","Test Class","Test Method","Name","Description"
"passed","Tue Nov 14 10:20:04 CST 2023","Tue Nov 14 10:20:04 CST 2023","256","","Simple Book feature","","User able to retrieve Books using Valid Limit","","User able to retrieve Books using Valid Limit",""
"passed","Tue Nov 14 10:20:04 CST 2023","Tue Nov 14 10:20:05 CST 2023","255","","Simple Book feature","","User able to retrieve Single Books using Valid Book Id","","User able to retrieve Single Books using Valid Book Id",""
"passed","Tue Nov 14 10:20:08 CST 2023","Tue Nov 14 10:20:09 CST 2023","938","","Simple Book feature","","User able to Submit a book order","","User able to Submit a book order",""
"passed","Tue Nov 14 10:20:01 CST 2023","Tue Nov 14 10:20:03 CST 2023","1514","","Simple Book feature","","User able to retrieve all Books with valid Simple Book API","","User able to retrieve all Books with valid Simple Book API",""
"passed","Tue Nov 14 10:20:04 CST 2023","Tue Nov 14 10:20:04 CST 2023","314","","Simple Book feature","","User able to retrieve Books using InValid Limit","","User able to retrieve Books using InValid Limit",""
"passed","Tue Nov 14 10:20:03 CST 2023","Tue Nov 14 10:20:03 CST 2023","391","","Simple Book feature","","User able to retrieve Books with valid Book type","","User able to retrieve Books with valid Book type",""
"passed","Tue Nov 14 10:20:11 CST 2023","Tue Nov 14 10:20:12 CST 2023","878","","Simple Book feature","","User able to Delete an book order","","User able to Delete an book order",""
"passed","Tue Nov 14 10:20:05 CST 2023","Tue Nov 14 10:20:07 CST 2023","2063","","Simple Book feature","","User able to retrieve Single Books using InValid Book Id","","User able to retrieve Single Books using InValid Book Id",""
"passed","Tue Nov 14 10:20:10 CST 2023","Tue Nov 14 10:20:10 CST 2023","605","","Simple Book feature","","User able to Get a book order","","User able to Get a book order",""
"passed","Tue Nov 14 10:19:57 CST 2023","Tue Nov 14 10:20:01 CST 2023","4447","","Simple Book feature","","User creates request to get Status","","User creates request to get Status",""
"passed","Tue Nov 14 10:20:03 CST 2023","Tue Nov 14 10:20:04 CST 2023","249","","Simple Book feature","","User able to retrieve Books with Invalid Book type","","User able to retrieve Books with Invalid Book type",""
"passed","Tue Nov 14 10:20:09 CST 2023","Tue Nov 14 10:20:10 CST 2023","636","","Simple Book feature","","User able to Get all book orders","","User able to Get all book orders",""
"passed","Tue Nov 14 10:20:10 CST 2023","Tue Nov 14 10:20:11 CST 2023","802","","Simple Book feature","","User able to Update an book order","","User able to Update an book order",""
"passed","Tue Nov 14 10:20:07 CST 2023","Tue Nov 14 10:20:08 CST 2023","1319","","Simple Book feature","","Register the API Client for Authentication","","Register the API Client for Authentication",""
